acquisition_time,source_file,band,target_latitude,target_longitude,target_projected_x_m,target_projected_y_m,target_pixel_row,target_pixel_column,pixel_row,pixel_column,row_offset,column_offset,is_point,pixel_x_m,pixel_y_m,brightness_temperature_k
2026-09-25T00:15,3RIMG_25SEP2026_0015_L1C_SGP_V01R00_B34.h5,TIR1_BT,17.385,78.4867,388137.66854890686,1952927.516319591,1115,1628,1114,1627,-1,-1,False,386036.06493648794,1956465.0820411518,231.8756866455078
2026-09-25T00:15,3RIMG_25SEP2026_0015_L1C_SGP_V01R00_B34.h5,TIR1_BT,17.385,78.4867,388137.66854890686,1952927.516319591,1115,1628,1114,1628,-1,0,False,390036.43866639957,1956465.0820411518,231.54237365722656
2026-09-25T00:15,3RIMG_25SEP2026_0015_L1C_SGP_V01R00_B34.h5,TIR1_BT,17.385,78.4867,388137.66854890686,1952927.516319591,1115,1628,1114,1629,-1,1,False,394036.81239631213,1956465.0820411518,235.1043243408203
2026-09-25T00:15,3RIMG_25SEP2026_0015_L1C_SGP_V01R00_B34.h5,TIR1_BT,17.385,78.4867,388137.66854890686,1952927.516319591,1115,1628,1115,1627,0,-1,False,386036.06493648794,1952464.130953133,230.8696746826172
2026-09-25T00:15,3RIMG_25SEP2026_0015_L1C_SGP_V01R00_B34.h5,TIR1_BT,17.385,78.4867,388137.66854890686,1952927.516319591,1115,1628,1115,1628,0,0,True,390036.43866639957,1952464.130953133,231.54237365722656
2026-09-25T00:15,3RIMG_25SEP2026_0015_L1C_SGP_V01R00_B34.h5,TIR1_BT,17.385,78.4867,388137.66854890686,1952927.516319591,1115,1628,1115,1629,0,1,False,394036.81239631213,1952464.130953133,234.1549530029297
2026-09-25T00:15,3RIMG_25SEP2026_0015_L1C_SGP_V01R00_B34.h5,TIR1_BT,17.385,78.4867,388137.66854890686,1952927.516319591,1115,1628,1116,1627,1,-1,False,386036.06493648794,1948463.1798651144,233.83493041992188
2026-09-25T00:15,3RIMG_25SEP2026_0015_L1C_SGP_V01R00_B34.h5,TIR1_BT,17.385,78.4867,388137.66854890686,1952927.516319591,1115,1628,1116,1628,1,0,False,390036.43866639957,1948463.1798651144,233.83493041992188
2026-09-25T00:15,3RIMG_25SEP2026_0015_L1C_SGP_V01R00_B34.h5,TIR1_BT,17.385,78.4867,388137.66854890686,1952927.516319591,1115,1628,1116,1629,1,1,False,394036.81239631213,1948463.1798651144,235.1043243408203
2026-09-25T00:15,3RIMG_25SEP2026_0015_L1C_SGP_V01R00_B34.h5,TIR2_BT,17.385,78.4867,388137.66854890686,1952927.516319591,1115,1628,1114,1627,-1,-1,False,386036.06493648794,1956465.0820411518,228.91896057128906
2026-09-25T00:15,3RIMG_25SEP2026_0015_L1C_SGP_V01R00_B34.h5,TIR2_BT,17.385,78.4867,388137.66854890686,1952927.516319591,1115,1628,1114,1628,-1,0,False,390036.43866639957,1956465.0820411518,229.6147918701172
2026-09-25T00:15,3RIMG_25SEP2026_0015_L1C_SGP_V01R00_B34.h5,TIR2_BT,17.385,78.4867,388137.66854890686,1952927.516319591,1115,1628,1114,1629,-1,1,False,394036.81239631213,1956465.0820411518,232.6534423828125
2026-09-25T00:15,3RIMG_25SEP2026_0015_L1C_SGP_V01R00_B34.h5,TIR2_BT,17.385,78.4867,388137.66854890686,1952927.516319591,1115,1628,1115,1627,0,-1,False,386036.06493648794,1952464.130953133,228.21519470214844
2026-09-25T00:15,3RIMG_25SEP2026_0015_L1C_SGP_V01R00_B34.h5,TIR2_BT,17.385,78.4867,388137.66854890686,1952927.516319591,1115,1628,1115,1628,0,0,True,390036.43866639957,1952464.130953133,230.3029022216797
2026-09-25T00:15,3RIMG_25SEP2026_0015_L1C_SGP_V01R00_B34.h5,TIR2_BT,17.385,78.4867,388137.66854890686,1952927.516319591,1115,1628,1115,1629,0,1,False,394036.81239631213,1952464.130953133,232.32296752929688
2026-09-25T00:15,3RIMG_25SEP2026_0015_L1C_SGP_V01R00_B34.h5,TIR2_BT,17.385,78.4867,388137.66854890686,1952927.516319591,1115,1628,1116,1627,1,-1,False,386036.06493648794,1948463.1798651144,230.98350524902344
2026-09-25T00:15,3RIMG_25SEP2026_0015_L1C_SGP_V01R00_B34.h5,TIR2_BT,17.385,78.4867,388137.66854890686,1952927.516319591,1115,1628,1116,1628,1,0,False,390036.43866639957,1948463.1798651144,232.98220825195312
2026-09-25T00:15,3RIMG_25SEP2026_0015_L1C_SGP_V01R00_B34.h5,TIR2_BT,17.385,78.4867,388137.66854890686,1952927.516319591,1115,1628,1116,1629,1,1,False,394036.81239631213,1948463.1798651144,233.3092803955078
2026-09-25T00:45,3RIMG_25SEP2026_0045_L1C_SGP_V01R00_B34.h5,TIR1_BT,17.385,78.4867,388137.66854890686,1952927.516319591,1115,1628,1114,1627,-1,-1,False,386036.06493648794,1956465.0820411518,225.21026611328125
2026-09-25T00:45,3RIMG_25SEP2026_0045_L1C_SGP_V01R00_B34.h5,TIR1_BT,17.385,78.4867,388137.66854890686,1952927.516319591,1115,1628,1114,1628,-1,0,False,390036.43866639957,1956465.0820411518,225.58297729492188
2026-09-25T00:45,3RIMG_25SEP2026_0045_L1C_SGP_V01R00_B34.h5,TIR1_BT,17.385,78.4867,388137.66854890686,1952927.516319591,1115,1628,1114,1629,-1,1,False,394036.81239631213,1956465.0820411518,228.47442626953125
2026-09-25T00:45,3RIMG_25SEP2026_0045_L1C_SGP_V01R00_B34.h5,TIR1_BT,17.385,78.4867,388137.66854890686,1952927.516319591,1115,1628,1115,1627,0,-1,False,386036.06493648794,1952464.130953133,228.12139892578125
2026-09-25T00:45,3RIMG_25SEP2026_0045_L1C_SGP_V01R00_B34.h5,TIR1_BT,17.385,78.4867,388137.66854890686,1952927.516319591,1115,1628,1115,1628,0,0,True,390036.43866639957,1952464.130953133,227.76605224609375
2026-09-25T00:45,3RIMG_25SEP2026_0045_L1C_SGP_V01R00_B34.h5,TIR1_BT,17.385,78.4867,388137.66854890686,1952927.516319591,1115,1628,1115,1629,0,1,False,394036.81239631213,1952464.130953133,228.47442626953125
2026-09-25T00:45,3RIMG_25SEP2026_0045_L1C_SGP_V01R00_B34.h5,TIR1_BT,17.385,78.4867,388137.66854890686,1952927.516319591,1115,1628,1116,1627,1,-1,False,386036.06493648794,1948463.1798651144,231.2192840576172
2026-09-25T00:45,3RIMG_25SEP2026_0045_L1C_SGP_V01R00_B34.h5,TIR1_BT,17.385,78.4867,388137.66854890686,1952927.516319591,1115,1628,1116,1628,1,0,False,390036.43866639957,1948463.1798651144,231.55296325683594
2026-09-25T00:45,3RIMG_25SEP2026_0045_L1C_SGP_V01R00_B34.h5,TIR1_BT,17.385,78.4867,388137.66854890686,1952927.516319591,1115,1628,1116,1629,1,1,False,394036.81239631213,1948463.1798651144,233.19203186035156
2026-09-25T00:45,3RIMG_25SEP2026_0045_L1C_SGP_V01R00_B34.h5,TIR2_BT,17.385,78.4867,388137.66854890686,1952927.516319591,1115,1628,1114,1627,-1,-1,False,386036.06493648794,1956465.0820411518,222.1690673828125
2026-09-25T00:45,3RIMG_25SEP2026_0045_L1C_SGP_V01R00_B34.h5,TIR2_BT,17.385,78.4867,388137.66854890686,1952927.516319591,1115,1628,1114,1628,-1,0,False,390036.43866639957,1956465.0820411518,223.70565795898438
2026-09-25T00:45,3RIMG_25SEP2026_0045_L1C_SGP_V01R00_B34.h5,TIR2_BT,17.385,78.4867,388137.66854890686,1952927.516319591,1115,1628,1114,1629,-1,1,False,394036.81239631213,1956465.0820411518,224.4591827392578
2026-09-25T00:45,3RIMG_25SEP2026_0045_L1C_SGP_V01R00_B34.h5,TIR2_BT,17.385,78.4867,388137.66854890686,1952927.516319591,1115,1628,1115,1627,0,-1,False,386036.06493648794,1952464.130953133,226.30238342285156
2026-09-25T00:45,3RIMG_25SEP2026_0045_L1C_SGP_V01R00_B34.h5,TIR2_BT,17.385,78.4867,388137.66854890686,1952927.516319591,1115,1628,1115,1628,0,0,True,390036.43866639957,1952464.130953133,227.02413940429688
2026-09-25T00:45,3RIMG_25SEP2026_0045_L1C_SGP_V01R00_B34.h5,TIR2_BT,17.385,78.4867,388137.66854890686,1952927.516319591,1115,1628,1115,1629,0,1,False,394036.81239631213,1952464.130953133,227.02413940429688
2026-09-25T00:45,3RIMG_25SEP2026_0045_L1C_SGP_V01R00_B34.h5,TIR2_BT,17.385,78.4867,388137.66854890686,1952927.516319591,1115,1628,1116,1627,1,-1,False,386036.06493648794,1948463.1798651144,229.1394805908203
2026-09-25T00:45,3RIMG_25SEP2026_0045_L1C_SGP_V01R00_B34.h5,TIR2_BT,17.385,78.4867,388137.66854890686,1952927.516319591,1115,1628,1116,1628,1,0,False,390036.43866639957,1948463.1798651144,230.51040649414062
2026-09-25T00:45,3RIMG_25SEP2026_0045_L1C_SGP_V01R00_B34.h5,TIR2_BT,17.385,78.4867,388137.66854890686,1952927.516319591,1115,1628,1116,1629,1,1,False,394036.81239631213,1948463.1798651144,230.51040649414062
2026-09-25T01:15,3RIMG_25SEP2026_0115_L1C_SGP_V01R00_B34.h5,TIR1_BT,17.385,78.4867,388137.66854890686,1952927.516319591,1115,1628,1114,1627,-1,-1,False,386036.06493648794,1956465.0820411518,230.99009704589844
2026-09-25T01:15,3RIMG_25SEP2026_0115_L1C_SGP_V01R00_B34.h5,TIR1_BT,17.385,78.4867,388137.66854890686,1952927.516319591,1115,1628,1114,1628,-1,0,False,390036.43866639957,1956465.0820411518,235.49319458007812
2026-09-25T01:15,3RIMG_25SEP2026_0115_L1C_SGP_V01R00_B34.h5,TIR1_BT,17.385,78.4867,388137.66854890686,1952927.516319591,1115,1628,1114,1629,-1,1,False,394036.81239631213,1956465.0820411518,240.8071746826172
2026-09-25T01:15,3RIMG_25SEP2026_0115_L1C_SGP_V01R00_B34.h5,TIR1_BT,17.385,78.4867,388137.66854890686,1952927.516319591,1115,1628,1115,1627,0,-1,False,386036.06493648794,1952464.130953133,220.68310546875
2026-09-25T01:15,3RIMG_25SEP2026_0115_L1C_SGP_V01R00_B34.h5,TIR1_BT,17.385,78.4867,388137.66854890686,1952927.516319591,1115,1628,1115,1628,0,0,True,390036.43866639957,1952464.130953133,222.6783447265625
2026-09-25T01:15,3RIMG_25SEP2026_0115_L1C_SGP_V01R00_B34.h5,TIR1_BT,17.385,78.4867,388137.66854890686,1952927.516319591,1115,1628,1115,1629,0,1,False,394036.81239631213,1952464.130953133,228.59385681152344
2026-09-25T01:15,3RIMG_25SEP2026_0115_L1C_SGP_V01R00_B34.h5,TIR1_BT,17.385,78.4867,388137.66854890686,1952927.516319591,1115,1628,1116,1627,1,-1,False,386036.06493648794,1948463.1798651144,224.59921264648438
2026-09-25T01:15,3RIMG_25SEP2026_0115_L1C_SGP_V01R00_B34.h5,TIR1_BT,17.385,78.4867,388137.66854890686,1952927.516319591,1115,1628,1116,1628,1,0,False,390036.43866639957,1948463.1798651144,222.2854766845703
2026-09-25T01:15,3RIMG_25SEP2026_0115_L1C_SGP_V01R00_B34.h5,TIR1_BT,17.385,78.4867,388137.66854890686,1952927.516319591,1115,1628,1116,1629,1,1,False,394036.81239631213,1948463.1798651144,221.0884552001953
2026-09-25T01:15,3RIMG_25SEP2026_0115_L1C_SGP_V01R00_B34.h5,TIR2_BT,17.385,78.4867,388137.66854890686,1952927.516319591,1115,1628,1114,1627,-1,-1,False,386036.06493648794,1956465.0820411518,228.43638610839844
2026-09-25T01:15,3RIMG_25SEP2026_0115_L1C_SGP_V01R00_B34.h5,TIR2_BT,17.385,78.4867,388137.66854890686,1952927.516319591,1115,1628,1114,1628,-1,0,False,390036.43866639957,1956465.0820411518,232.16180419921875
2026-09-25T01:15,3RIMG_25SEP2026_0115_L1C_SGP_V01R00_B34.h5,TIR2_BT,17.385,78.4867,388137.66854890686,1952927.516319591,1115,1628,1114,1629,-1,1,False,394036.81239631213,1956465.0820411518,237.52000427246094
2026-09-25T01:15,3RIMG_25SEP2026_0115_L1C_SGP_V01R00_B34.h5,TIR2_BT,17.385,78.4867,388137.66854890686,1952927.516319591,1115,1628,1115,1627,0,-1,False,386036.06493648794,1952464.130953133,218.59234619140625
2026-09-25T01:15,3RIMG_25SEP2026_0115_L1C_SGP_V01R00_B34.h5,TIR2_BT,17.385,78.4867,388137.66854890686,1952927.516319591,1115,1628,1115,1628,0,0,True,390036.43866639957,1952464.130953133,219.41151428222656
2026-09-25T01:15,3RIMG_25SEP2026_0115_L1C_SGP_V01R00_B34.h5,TIR2_BT,17.385,78.4867,388137.66854890686,1952927.516319591,1115,1628,1115,1629,0,1,False,394036.81239631213,1952464.130953133,224.09584045410156
2026-09-25T01:15,3RIMG_25SEP2026_0115_L1C_SGP_V01R00_B34.h5,TIR2_BT,17.385,78.4867,388137.66854890686,1952927.516319591,1115,1628,1116,1627,1,-1,False,386036.06493648794,1948463.1798651144,220.6186065673828
2026-09-25T01:15,3RIMG_25SEP2026_0115_L1C_SGP_V01R00_B34.h5,TIR2_BT,17.385,78.4867,388137.66854890686,1952927.516319591,1115,1628,1116,1628,1,0,False,390036.43866639957,1948463.1798651144,218.1782684326172
2026-09-25T01:15,3RIMG_25SEP2026_0115_L1C_SGP_V01R00_B34.h5,TIR2_BT,17.385,78.4867,388137.66854890686,1952927.516319591,1115,1628,1116,1629,1,1,False,394036.81239631213,1948463.1798651144,218.59234619140625
2026-09-25T01:45,3RIMG_25SEP2026_0145_L1C_SGP_V01R00_B34.h5,TIR1_BT,17.385,78.4867,388137.66854890686,1952927.516319591,1115,1628,1114,1627,-1,-1,False,386036.06493648794,1956465.0820411518,230.45504760742188
2026-09-25T01:45,3RIMG_25SEP2026_0145_L1C_SGP_V01R00_B34.h5,TIR1_BT,17.385,78.4867,388137.66854890686,1952927.516319591,1115,1628,1114,1628,-1,0,False,390036.43866639957,1956465.0820411518,235.6056671142578
2026-09-25T01:45,3RIMG_25SEP2026_0145_L1C_SGP_V01R00_B34.h5,TIR1_BT,17.385,78.4867,388137.66854890686,1952927.516319591,1115,1628,1114,1629,-1,1,False,394036.81239631213,1956465.0820411518,236.82334899902344
2026-09-25T01:45,3RIMG_25SEP2026_0145_L1C_SGP_V01R00_B34.h5,TIR1_BT,17.385,78.4867,388137.66854890686,1952927.516319591,1115,1628,1115,1627,0,-1,False,386036.06493648794,1952464.130953133,220.47372436523438
2026-09-25T01:45,3RIMG_25SEP2026_0145_L1C_SGP_V01R00_B34.h5,TIR1_BT,17.385,78.4867,388137.66854890686,1952927.516319591,1115,1628,1115,1628,0,0,True,390036.43866639957,1952464.130953133,222.47152709960938
2026-09-25T01:45,3RIMG_25SEP2026_0145_L1C_SGP_V01R00_B34.h5,TIR1_BT,17.385,78.4867,388137.66854890686,1952927.516319591,1115,1628,1115,1629,0,1,False,394036.81239631213,1952464.130953133,225.5153350830078
2026-09-25T01:45,3RIMG_25SEP2026_0145_L1C_SGP_V01R00_B34.h5,TIR1_BT,17.385,78.4867,388137.66854890686,1952927.516319591,1115,1628,1116,1627,1,-1,False,386036.06493648794,1948463.1798651144,218.3936767578125
2026-09-25T01:45,3RIMG_25SEP2026_0145_L1C_SGP_V01R00_B34.h5,TIR1_BT,17.385,78.4867,388137.66854890686,1952927.516319591,1115,1628,1116,1628,1,0,False,390036.43866639957,1948463.1798651144,220.06455993652344
2026-09-25T01:45,3RIMG_25SEP2026_0145_L1C_SGP_V01R00_B34.h5,TIR1_BT,17.385,78.4867,388137.66854890686,1952927.516319591,1115,1628,1116,1629,1,1,False,394036.81239631213,1948463.1798651144,220.06455993652344
2026-09-25T01:45,3RIMG_25SEP2026_0145_L1C_SGP_V01R00_B34.h5,TIR2_BT,17.385,78.4867,388137.66854890686,1952927.516319591,1115,1628,1114,1627,-1,-1,False,386036.06493648794,1956465.0820411518,227.05833435058594
2026-09-25T01:45,3RIMG_25SEP2026_0145_L1C_SGP_V01R00_B34.h5,TIR2_BT,17.385,78.4867,388137.66854890686,1952927.516319591,1115,1628,1114,1628,-1,0,False,390036.43866639957,1956465.0820411518,230.17919921875
2026-09-25T01:45,3RIMG_25SEP2026_0145_L1C_SGP_V01R00_B34.h5,TIR2_BT,17.385,78.4867,388137.66854890686,1952927.516319591,1115,1628,1114,1629,-1,1,False,394036.81239631213,1956465.0820411518,232.50234985351562
2026-09-25T01:45,3RIMG_25SEP2026_0145_L1C_SGP_V01R00_B34.h5,TIR2_BT,17.385,78.4867,388137.66854890686,1952927.516319591,1115,1628,1115,1627,0,-1,False,386036.06493648794,1952464.130953133,215.7134552001953
2026-09-25T01:45,3RIMG_25SEP2026_0145_L1C_SGP_V01R00_B34.h5,TIR2_BT,17.385,78.4867,388137.66854890686,1952927.516319591,1115,1628,1115,1628,0,0,True,390036.43866639957,1952464.130953133,219.88267517089844
2026-09-25T01:45,3RIMG_25SEP2026_0145_L1C_SGP_V01R00_B34.h5,TIR2_BT,17.385,78.4867,388137.66854890686,1952927.516319591,1115,1628,1115,1629,0,1,False,394036.81239631213,1952464.130953133,220.68087768554688
2026-09-25T01:45,3RIMG_25SEP2026_0145_L1C_SGP_V01R00_B34.h5,TIR2_BT,17.385,78.4867,388137.66854890686,1952927.516319591,1115,1628,1116,1627,1,-1,False,386036.06493648794,1948463.1798651144,216.14468383789062
2026-09-25T01:45,3RIMG_25SEP2026_0145_L1C_SGP_V01R00_B34.h5,TIR2_BT,17.385,78.4867,388137.66854890686,1952927.516319591,1115,1628,1116,1628,1,0,False,390036.43866639957,1948463.1798651144,217.8367919921875
2026-09-25T01:45,3RIMG_25SEP2026_0145_L1C_SGP_V01R00_B34.h5,TIR2_BT,17.385,78.4867,388137.66854890686,1952927.516319591,1115,1628,1116,1629,1,1,False,394036.81239631213,1948463.1798651144,218.66404724121094
