Timestamp_UTC,File_Name,Cloud_Top_Temp_K,Cloud_Top_Pressure_hPa
01-MAY-2025T03:15:06,3RIMG_01MAY2025_0315_L2B_CTP_V01R00.h5,286.5984191894531,749.9720458984375
01-MAY-2025T03:45:06,3RIMG_01MAY2025_0345_L2B_CTP_V01R00.h5,289.38275146484375,774.9728393554688
01-MAY-2025T04:15:06,3RIMG_01MAY2025_0415_L2B_CTP_V01R00.h5,293.25152587890625,775.0350341796875
01-MAY-2025T04:45:06,3RIMG_01MAY2025_0445_L2B_CTP_V01R00.h5,294.418212890625,775.0406494140625
01-MAY-2025T05:15:06,3RIMG_01MAY2025_0515_L2B_CTP_V01R00.h5,296.4871826171875,775.0657958984375
01-MAY-2025T05:45:06,3RIMG_01MAY2025_0545_L2B_CTP_V01R00.h5,295.80474853515625,775.0553588867188
01-MAY-2025T06:15:06,3RIMG_01MAY2025_0615_L2B_CTP_V01R00.h5,299.3837585449219,775.1100463867188
01-MAY-2025T06:45:06,3RIMG_01MAY2025_0645_L2B_CTP_V01R00.h5,300.3829040527344,775.1253051757812
01-MAY-2025T07:15:06,3RIMG_01MAY2025_0715_L2B_CTP_V01R00.h5,298.94873046875,775.2152709960938
01-MAY-2025T07:45:06,3RIMG_01MAY2025_0745_L2B_CTP_V01R00.h5,297.61279296875,775.0523681640625
01-MAY-2025T08:15:06,3RIMG_01MAY2025_0815_L2B_CTP_V01R00.h5,297.64324951171875,775.052734375
01-MAY-2025T08:45:06,3RIMG_01MAY2025_0845_L2B_CTP_V01R00.h5,298.4007568359375,775.059326171875
01-MAY-2025T09:15:06,3RIMG_01MAY2025_0915_L2B_CTP_V01R00.h5,298.3616638183594,775.0532836914062
01-MAY-2025T09:45:06,3RIMG_01MAY2025_0945_L2B_CTP_V01R00.h5,297.62066650390625,775.044189453125
01-MAY-2025T10:15:06,3RIMG_01MAY2025_1015_L2B_CTP_V01R00.h5,289.4725341796875,749.9769897460938
01-MAY-2025T10:45:06,3RIMG_01MAY2025_1045_L2B_CTP_V01R00.h5,293.538330078125,774.9945068359375
